algorithm,n_clusters,silhouette,davies_bouldin,ari_vs_position
KMeans (k=2),2,0.1719881953016317,1.9061414192439778,-0.013207568058277148
KMeans (k=4),4,0.14431846028647216,1.783640586823418,0.2601229703977276
KMeans (k=6),6,0.16499485565085031,1.5425288263357408,0.1908274795910065
Agglomerative (k=2),2,0.20120407605197865,1.5614246587082168,-0.08547777577829764
Agglomerative (k=4),4,0.15091307556249275,1.7313569130094228,0.17391841561788432
