k,inertia,silhouette,davies_bouldin
2,3924.4658144995474,0.1719881953016317,1.9061414192439778
3,3492.4827163802565,0.14678435258082995,1.9319791613705022
4,3127.0055502883133,0.14431846028647216,1.783640586823418
5,2955.283621717988,0.1598534456202695,1.6770071714177264
6,2726.091995332841,0.16499485565085031,1.5425288263357408
7,2520.6262734758307,0.17127812775852735,1.5752626392300557
8,2393.7795620814377,0.20259011820650602,1.4140025224002652
