model,accuracy,f1,roc_auc,n_train,n_test,fit_time
SVM (RBF),0.88,0.896551724137931,0.8717948717948718,65,25,0.008623900008387864
XGBoost,0.88,0.896551724137931,0.8846153846153846,65,25,0.07096919999457896
Gradient Boosting,0.84,0.8461538461538461,0.8846153846153847,65,25,0.42447649990208447
K-Nearest Neighbours,0.84,0.8666666666666667,0.8044871794871795,65,25,0.09944080002605915
Logistic Regression,0.8,0.8,0.8333333333333334,65,25,0.024137800093740225
Random Forest,0.76,0.7692307692307693,0.8974358974358975,65,25,0.3499737000092864
Dummy (majority),0.52,0.6842105263157895,0.5,65,25,0.00829399994108826
